<annotation>
	<folder>volinispray</folder>
	<filename>vol2.jpeg</filename>
	<path>/home/abirami/Desktop/volinispray/vol2.jpeg</path>
	<source>
		<database>Unknown</database>
	</source>
	<size>
		<width>225</width>
		<height>225</height>
		<depth>3</depth>
	</size>
	<segmented>0</segmented>
	<object>
		<name>volini</name>
		<pose>Unspecified</pose>
		<truncated>1</truncated>
		<difficult>0</difficult>
		<bndbox>
			<xmin>84</xmin>
			<ymin>2</ymin>
			<xmax>140</xmax>
			<ymax>225</ymax>
		</bndbox>
	</object>
</annotation>
