<annotation>
	<folder>volinispray</folder>
	<filename>vol8.jpg</filename>
	<path>/home/abirami/Desktop/volinispray/vol8.jpg</path>
	<source>
		<database>Unknown</database>
	</source>
	<size>
		<width>1500</width>
		<height>1500</height>
		<depth>3</depth>
	</size>
	<segmented>0</segmented>
	<object>
		<name>volini</name>
		<pose>Unspecified</pose>
		<truncated>1</truncated>
		<difficult>0</difficult>
		<bndbox>
			<xmin>547</xmin>
			<ymin>10</ymin>
			<xmax>949</xmax>
			<ymax>1500</ymax>
		</bndbox>
	</object>
</annotation>
