<annotation>
	<folder>volinispray</folder>
	<filename>vol13.jpg</filename>
	<path>/home/abirami/Desktop/volinispray/vol13.jpg</path>
	<source>
		<database>Unknown</database>
	</source>
	<size>
		<width>1000</width>
		<height>1500</height>
		<depth>3</depth>
	</size>
	<segmented>0</segmented>
	<object>
		<name>volini</name>
		<pose>Unspecified</pose>
		<truncated>1</truncated>
		<difficult>0</difficult>
		<bndbox>
			<xmin>287</xmin>
			<ymin>8</ymin>
			<xmax>708</xmax>
			<ymax>1500</ymax>
		</bndbox>
	</object>
</annotation>
