<annotation>
	<folder>volinispray</folder>
	<filename>vol4.jpeg</filename>
	<path>/home/abirami/Desktop/volinispray/vol4.jpeg</path>
	<source>
		<database>Unknown</database>
	</source>
	<size>
		<width>349</width>
		<height>144</height>
		<depth>3</depth>
	</size>
	<segmented>0</segmented>
	<object>
		<name>volini</name>
		<pose>Unspecified</pose>
		<truncated>0</truncated>
		<difficult>0</difficult>
		<bndbox>
			<xmin>44</xmin>
			<ymin>22</ymin>
			<xmax>266</xmax>
			<ymax>72</ymax>
		</bndbox>
	</object>
	<object>
		<name>volini</name>
		<pose>Unspecified</pose>
		<truncated>0</truncated>
		<difficult>0</difficult>
		<bndbox>
			<xmin>43</xmin>
			<ymin>77</ymin>
			<xmax>269</xmax>
			<ymax>136</ymax>
		</bndbox>
	</object>
</annotation>
