<annotation>
	<folder>volinispray</folder>
	<filename>vol7.jpg</filename>
	<path>/home/abirami/Desktop/volinispray/vol7.jpg</path>
	<source>
		<database>Unknown</database>
	</source>
	<size>
		<width>500</width>
		<height>500</height>
		<depth>3</depth>
	</size>
	<segmented>0</segmented>
	<object>
		<name>volini</name>
		<pose>Unspecified</pose>
		<truncated>0</truncated>
		<difficult>0</difficult>
		<bndbox>
			<xmin>126</xmin>
			<ymin>39</ymin>
			<xmax>220</xmax>
			<ymax>456</ymax>
		</bndbox>
	</object>
	<object>
		<name>volini</name>
		<pose>Unspecified</pose>
		<truncated>0</truncated>
		<difficult>0</difficult>
		<bndbox>
			<xmin>278</xmin>
			<ymin>38</ymin>
			<xmax>376</xmax>
			<ymax>453</ymax>
		</bndbox>
	</object>
</annotation>
