<annotation>
	<folder>volinispray</folder>
	<filename>vol1.jpg</filename>
	<path>/home/abirami/Desktop/volinispray/vol1.jpg</path>
	<source>
		<database>Unknown</database>
	</source>
	<size>
		<width>600</width>
		<height>500</height>
		<depth>3</depth>
	</size>
	<segmented>0</segmented>
	<object>
		<name>volini</name>
		<pose>Unspecified</pose>
		<truncated>0</truncated>
		<difficult>0</difficult>
		<bndbox>
			<xmin>259</xmin>
			<ymin>35</ymin>
			<xmax>344</xmax>
			<ymax>472</ymax>
		</bndbox>
	</object>
</annotation>
