<annotation>
	<folder>volinispray</folder>
	<filename>vol9.jpeg</filename>
	<path>/home/abirami/Desktop/volinispray/vol9.jpeg</path>
	<source>
		<database>Unknown</database>
	</source>
	<size>
		<width>224</width>
		<height>224</height>
		<depth>3</depth>
	</size>
	<segmented>0</segmented>
	<object>
		<name>volini</name>
		<pose>Unspecified</pose>
		<truncated>0</truncated>
		<difficult>0</difficult>
		<bndbox>
			<xmin>78</xmin>
			<ymin>8</ymin>
			<xmax>144</xmax>
			<ymax>213</ymax>
		</bndbox>
	</object>
</annotation>
