<annotation>
	<folder>volinispray</folder>
	<filename>vol5.jpg</filename>
	<path>/home/abirami/Desktop/volinispray/vol5.jpg</path>
	<source>
		<database>Unknown</database>
	</source>
	<size>
		<width>500</width>
		<height>500</height>
		<depth>3</depth>
	</size>
	<segmented>0</segmented>
	<object>
		<name>volini</name>
		<pose>Unspecified</pose>
		<truncated>0</truncated>
		<difficult>0</difficult>
		<bndbox>
			<xmin>205</xmin>
			<ymin>53</ymin>
			<xmax>292</xmax>
			<ymax>445</ymax>
		</bndbox>
	</object>
</annotation>
