<annotation>
	<folder>volinispray</folder>
	<filename>vol3.jpg</filename>
	<path>/home/abirami/Desktop/volinispray/vol3.jpg</path>
	<source>
		<database>Unknown</database>
	</source>
	<size>
		<width>1337</width>
		<height>1500</height>
		<depth>3</depth>
	</size>
	<segmented>0</segmented>
	<object>
		<name>volini</name>
		<pose>Unspecified</pose>
		<truncated>0</truncated>
		<difficult>0</difficult>
		<bndbox>
			<xmin>300</xmin>
			<ymin>75</ymin>
			<xmax>560</xmax>
			<ymax>1356</ymax>
		</bndbox>
	</object>
</annotation>
