<annotation>
	<folder>volinispray</folder>
	<filename>vol10.png</filename>
	<path>/home/abirami/Desktop/volinispray/vol10.png</path>
	<source>
		<database>Unknown</database>
	</source>
	<size>
		<width>266</width>
		<height>423</height>
		<depth>3</depth>
	</size>
	<segmented>0</segmented>
	<object>
		<name>volini</name>
		<pose>Unspecified</pose>
		<truncated>1</truncated>
		<difficult>0</difficult>
		<bndbox>
			<xmin>152</xmin>
			<ymin>1</ymin>
			<xmax>266</xmax>
			<ymax>420</ymax>
		</bndbox>
	</object>
</annotation>
