<annotation>
	<folder>volinispray</folder>
	<filename>vol14.jpg</filename>
	<path>/home/abirami/Desktop/volinispray/vol14.jpg</path>
	<source>
		<database>Unknown</database>
	</source>
	<size>
		<width>750</width>
		<height>750</height>
		<depth>3</depth>
	</size>
	<segmented>0</segmented>
	<object>
		<name>volini</name>
		<pose>Unspecified</pose>
		<truncated>0</truncated>
		<difficult>0</difficult>
		<bndbox>
			<xmin>227</xmin>
			<ymin>19</ymin>
			<xmax>377</xmax>
			<ymax>732</ymax>
		</bndbox>
	</object>
	<object>
		<name>volini</name>
		<pose>Unspecified</pose>
		<truncated>0</truncated>
		<difficult>0</difficult>
		<bndbox>
			<xmin>404</xmin>
			<ymin>18</ymin>
			<xmax>553</xmax>
			<ymax>736</ymax>
		</bndbox>
	</object>
</annotation>
