<annotation>
	<folder>volinispray</folder>
	<filename>vol15.jpeg</filename>
	<path>/home/abirami/Desktop/volinispray/vol15.jpeg</path>
	<source>
		<database>Unknown</database>
	</source>
	<size>
		<width>225</width>
		<height>225</height>
		<depth>3</depth>
	</size>
	<segmented>0</segmented>
	<object>
		<name>volini</name>
		<pose>Unspecified</pose>
		<truncated>1</truncated>
		<difficult>0</difficult>
		<bndbox>
			<xmin>90</xmin>
			<ymin>1</ymin>
			<xmax>136</xmax>
			<ymax>223</ymax>
		</bndbox>
	</object>
</annotation>
