<annotation>
	<folder>volinispray</folder>
	<filename>vol6.jpeg</filename>
	<path>/home/abirami/Desktop/volinispray/vol6.jpeg</path>
	<source>
		<database>Unknown</database>
	</source>
	<size>
		<width>248</width>
		<height>203</height>
		<depth>3</depth>
	</size>
	<segmented>0</segmented>
	<object>
		<name>volini</name>
		<pose>Unspecified</pose>
		<truncated>0</truncated>
		<difficult>0</difficult>
		<bndbox>
			<xmin>49</xmin>
			<ymin>39</ymin>
			<xmax>84</xmax>
			<ymax>157</ymax>
		</bndbox>
	</object>
</annotation>
